<?xml version="1.0" encoding="UTF-8"?><metadata>
    <idinfo>
        <citation>
            <citeinfo>
                <origin/>
                <origin/>
                <pubdate>20151227</pubdate>
                <pubtime>064021</pubtime>
                <title>National Wilderness Areas</title>
                <geoform>vector digital data</geoform>
                <onlink>https://apps.fs.usda.gov/arcx/rest/services/EDW/EDW_Wilderness_01/MapServer</onlink>
            </citeinfo>
        </citation>
        <descript>
            <abstract>A map service depicting parcels of Forest Service land congressionally designated as wilderness such as National Wilderness Areas. This map service provides display, identification, and analysis tools for determining current boundary information for Forest Service managers, GIS Specialists, and others. The map service uses a File Geodatabase data source with Web Mercator projection. Metadata and Downloads</abstract>
            <purpose>US Forest Service National Wilderness Areas</purpose>
        </descript>
        <timeperd>
            <timeinfo>
                <sngdate>
                    <caldate>20151227</caldate>
                </sngdate>
            </timeinfo>
            <current>Publication Date</current>
        </timeperd>
        <status>
            <progress>Complete</progress>
            <update>Weekly</update>
        </status>
        <spdom>
            <bounding>
                <westbc>-139.64067</westbc>
                <eastbc>-65.77081</eastbc>
                <northbc>59.999703</northbc>
                <southbc>18.248406</southbc>
            </bounding>
        </spdom>
        <keywords>
            <theme>
                <themekt>ISO 19115 Topic Categories</themekt>
                <themekey>boundaries</themekey>
            </theme>
            <theme>
                <themekt>None</themekt>
                <themekey>ALP Land Dataset</themekey>
                <themekey>Land Status</themekey>
                <themekey>Wilderness Name</themekey>
                <themekey>NFS Lands</themekey>
                <themekey>USDA Forest Service</themekey>
                <themekey>Wilderness</themekey>
            </theme>
        </keywords>
        <accconst>None</accconst>
        <useconst>The USDA Forest Service makes no warranty, expressed or implied, including the warranties of merchantability and fitness for a particular purpose, nor assumes any legal liability or responsibility for the accuracy, reliability, completeness or utility of these geospatial data, or for the improper or incorrect use of these geospatial data. These geospatial data and related maps or graphics are not legal documents and are not intended to be used as such. The data and maps may not be used to determine title, ownership, legal descriptions or boundaries, legal jurisdiction, or restrictions that may be in place on either public or private land. Natural hazards may or may not be depicted on the data and maps, and land users should exercise due caution. The data are dynamic and may change over time. The user is responsible to verify the limitations of the geospatial data and to use the data accordingly.

As a work of the United States Government, these data are within the public domain of the United States. Additionally, The U.S. Forest Service waives copyright and related rights in the work worldwide through the CC0 1.0 Universal Public Domain Dedication (which can be found at https://creativecommons.org/publicdomain/zero/1.0/).</useconst>
        <ptcontac>
            <cntinfo>
                <cntorgp>
                    <cntorg>USFS Chief Information Office, Enterprise Data Warehouse</cntorg>
                </cntorgp>
                <cntaddr>
                    <addrtype>physical</addrtype>
                    <city>Washington</city>
                    <state>DC</state>
                    <postal>20250</postal>
                </cntaddr>
                <cntvoice>Please send an e-mail to the address below.</cntvoice>
                <cntemail>SM.FS.data@usda.gov</cntemail>
            </cntinfo>
        </ptcontac>
        <datacred>US Forest Service Enterprise Map Services Program</datacred>
        <native>Esri ArcGIS 10.3.1.4959</native>
    </idinfo>
    <dataqual>
        <attracc>
            <attraccr>The Regional Land Status personnel are responsible for their local data stewardship and maintenance. The overall collection nationwide consists of 100% attribute accuracy based on currentness and completeness.</attraccr>
        </attracc>
        <logic>Quality control measures taken: this feature class is populated by an automated translation process from the source feature class that is edited and maintained by the data stewards. Only stewards with the proper role grants can edit the data. The application used for editing has built in controls to only allow valid geometry and domains to control attribute integrity.</logic>
        <complete>This theme is current to date of publication.</complete>
        <posacc>
            <horizpa>
                <horizpar>Generally the source information used to record spatial locations are from: 1) on-screen digitizing with a georeferenced topographic or image background; or 2) GPS field collected positions.</horizpar>
            </horizpa>
        </posacc>
        <lineage>
            <procstep>
                <procdesc>This data was published using Feature Manipulation Engine Software. The spatial features were extracted from the transactional database, manipulated to meet the desired output format and published to the target feature class. This data was migrated from the CDW. The spatial features were projected and imported into the target feature class.</procdesc>
                <procdate>20151227</procdate>
            </procstep>
        </lineage>
    </dataqual>
    <spdoinfo>
        <direct>Vector</direct>
        <ptvctinf>
            <sdtsterm>
                <ptvctcnt>447</ptvctcnt>
            </sdtsterm>
        </ptvctinf>
    </spdoinfo>
    <eainfo>
        <detailed>
            <enttyp>
                <enttypl>S_USA.Wilderness</enttypl>
                <enttypd>A collection of geographic features with the same geometry type (such as point, line, or polygon), the same attributes, and the same spatial reference.</enttypd>
                <enttypds>http://support.esri.com/en/knowledgebase/GISDictionary/term/feature%20class</enttypds>
            </enttyp>
            <attr>
                <attrlabl>WID</attrlabl>
                <attrdef>The Wilderness ID is a unique identifier that connects a USFS published Wilderness Area to additional information at wilderness.net.</attrdef>
                <attrdefs>U.S. Forest Service</attrdefs>
                <attrdomv>
                                        					
                    
                    <udom>Unique identifier generated by Oracle sequence or SYS_GUID() function.</udom>
                                        				
                
                </attrdomv>
            </attr>
            <attr>
                <attrlabl>GIS_ACRES</attrlabl>
                <attrdef>The area of the feature in acres, calculated using a projected surface computation. A NAD 83, USA Contiguous Albers Equal Area Conic projection was used for Regions 1-9, and NAD 83, Alaska Albers for Region 10.</attrdef>
                <attrdefs>U.S. Forest Service</attrdefs>
                <attrdomv>
                                        					
                    
                    <udom>The area of a feature in acres.</udom>
                                        				
                
                </attrdomv>
            </attr>
            <attr>
                <attrlabl>SHAPE</attrlabl>
                <attrdef>Feature geometry.</attrdef>
                <attrdefs>ESRI</attrdefs>
                <attrdomv>
                                        					
                    
                    <udom>Coordinates defining the features.</udom>
                                        				
                
                </attrdomv>
            </attr>
            <attr>
                <attrlabl>SHAPE.LEN</attrlabl>
                <attrdef>Length of feature in internal units.</attrdef>
                <attrdefs>ESRI</attrdefs>
                <attrdomv>
                                        					
                    
                    <udom>Positive real numbers that are automatically generated.</udom>
                                        				
                
                </attrdomv>
            </attr>
            <attr>
                <attrlabl>SHAPE.AREA</attrlabl>
                <attrdef>Area of feature in internal units squared.</attrdef>
                <attrdefs>ESRI</attrdefs>
                <attrdomv>
                                        					
                    
                    <udom>Positive real numbers that are automatically generated.</udom>
                                        				
                
                </attrdomv>
            </attr>
            <attr>
                <attrlabl>AREAID</attrlabl>
                <attrdef>Legacy code associated with wilderness area.</attrdef>
                <attrdefs>U.S. Forest Service, FS National Wilderness Coordinator</attrdefs>
                <attrdomv>
                                        					
                    
                    <udom>3-digit internal identifier.</udom>
                                        				
                
                </attrdomv>
            </attr>
            <attr>
                <attrlabl>BOUNDARYSTATUS</attrlabl>
                <attrdef>Legal status of the Regulated Use boundary. Choices include: Final or Provisional, Subject to Change</attrdef>
                <attrdefs>U.S. Forest Service</attrdefs>
                <attrdomv>
                                        					
                    
                    <edom>
                                                						
                        
                        <edomv>Final</edomv>
                                                						
                        
                        <edomvd>Boundary is finalized</edomvd>
                                                						
                        
                        <edomvds>U.S. Forest Service</edomvds>
                                                					
                    
                    </edom>
                                        				
                
                </attrdomv>
                <attrdomv>
                                        					
                    
                    <edom>
                                                						
                        
                        <edomv>Subject to Change</edomv>
                                                						
                        
                        <edomvd>Boundary is subject to change</edomvd>
                                                						
                        
                        <edomvds>U.S. Forest Service</edomvds>
                                                					
                    
                    </edom>
                                        				
                
                </attrdomv>
                <attrdomv>
                                        					
                    
                    <edom>
                                                						
                        
                        <edomv>Provisional</edomv>
                                                						
                        
                        <edomvd>Boundary is provisional</edomvd>
                                                						
                        
                        <edomvds>U.S. Forest Service</edomvds>
                                                					
                    
                    </edom>
                                        				
                
                </attrdomv>
            </attr>
            <attr>
                <attrlabl>WILDERNESSID</attrlabl>
                <attrdef>Unique identifier generated by Oracle sequence or SYS_GUID() function.</attrdef>
                <attrdefs>U.S. Forest Service</attrdefs>
                <attrdomv>
                                        					
                    
                    <udom>Unique identifier.</udom>
                                        				
                
                </attrdomv>
            </attr>
            <attr>
                <attrlabl>WILDERNESSNAME</attrlabl>
                <attrdef>The name of a specific Wilderness Area.</attrdef>
                <attrdefs>U.S. Forest Service</attrdefs>
                <attrdomv>
                                        					
                    
                    <udom>Proper name.</udom>
                                        				
                
                </attrdomv>
            </attr>
            <attr>
                <attrlabl>OBJECTID</attrlabl>
                <attrdef>Internal feature number.</attrdef>
                <attrdefs>ESRI</attrdefs>
                <attrdomv>
                                        					
                    
                    <udom>Sequential unique whole numbers that are automatically generated.</udom>
                                        				
                
                </attrdomv>
            </attr>
        </detailed>
    </eainfo>
    <distinfo>
        <distrib>
            <cntinfo>
                <cntorgp>
                    <cntorg>USFS Chief Information Office, Enterprise Data Warehouse</cntorg>
                </cntorgp>
                <cntaddr>
                    <addrtype>physical</addrtype>
                    <city>Washington</city>
                    <state>DC</state>
                    <postal>20250</postal>
                </cntaddr>
                <cntvoice>Please send an e-mail to the address below.</cntvoice>
                <cntemail>SM.FS.data@usda.gov</cntemail>
            </cntinfo>
        </distrib>
        <distliab>See access and use constraints information.</distliab>
    </distinfo>
    <metainfo>
        <metd>20170929</metd>
        <metc>
            <cntinfo>
                <cntorgp>
                    <cntorg>USFS Chief Information Office, Enterprise Data Warehouse</cntorg>
                </cntorgp>
                <cntaddr>
                    <addrtype>physical</addrtype>
                    <city>Washington</city>
                    <state>DC</state>
                    <postal>20250</postal>
                </cntaddr>
                <cntvoice>Please send an e-mail to the address below.</cntvoice>
                <cntemail>SM.FS.data@usda.gov</cntemail>
            </cntinfo>
        </metc>
        <metstdn>FGDC Content Standard for Digital Geospatial Metadata</metstdn>
        <metstdv>FGDC-STD-001-1998</metstdv>
        <mettc>local time</mettc>
    </metainfo>
</metadata>
